"sector-type","post_title","p_owner","p_client","disciplines","p_location","scope_of_work","project-category","p_status","p_start_date","p_end_date","feature image"
"Petrochemical","TIE-INS for TEG Aldehyde removal system for EG1 and EG 2 Plants","SABIC","UNITED","Plant Services","Jubail","Project involves Engineering, Procurement, Fabrication Demolition & Installation, Fabrication & support pre-fabrication of pipipng material, demolition of existing piping, Installation of new tie-ins, NDT Testing & Commissioning","Normal","Completed","Jul-14","Dec-14","http://sendanit.com/sendan_web/wp-content/uploads/2020/04/283.jpg   "
"Petrochemical","Procure Construct Ground Flare Moification","SABIC","SAUDI KAYAN","Plant Services","Jubail","Project involves Fabrication, Piping, Structure, Electrical  & Instrumentation works, Piping activities includes upgradation of Lp steam from 4"" to 6"",  E & I activities includes installation of instruemnts & their cable laying, NDT, insulation & painting activities are also involved.","Normal","Completed","Jul-14","May-15","http://sendanit.com/sendan_web/wp-content/uploads/2020/04/284.jpg   "
"Petrochemical","Heavy Glycol Loading Facility at 4EG ","SABIC","SHARQ","Plant Services","Jubail","EPC project on LSTK basis includes Piping, Structure, Pipe Supports, Civil, Electrical & Instrumentation. Piping activities involves modification including tie-in, Civil work  include relocation of trench & foundations for pipe suppport & sheds, Elctrical & Instrumentation activities include installation, cables & glanding, termination etc.","Normal","Completed","Jun-14","Feb-15","http://sendanit.com/sendan_web/wp-content/uploads/2020/04/285.jpg   "
"Petrochemical","Installation of New Heat Exchanger of Hydraulic oil in PDH","TASNEE","TASNEE","Plant Services","Jubail","Installation of New Heat Exchanger includes, piping modification, equipment installation and civil works.","Normal","Completed","Apr-14","Jul-14","http://sendanit.com/sendan_web/wp-content/uploads/2020/04/286.jpg   "
"Petrochemical","Prefabrication and replacement of pipelines in VCM/PVC 2014 TA ","SABIC","PetroKemya","Plant Services","Jubail","Pre-fabrication and replacement of pipe lines, Piping modification","Normal","Completed","Jun-14","Oct-14","http://sendanit.com/sendan_web/wp-content/uploads/2020/04/287.jpg   "
"Petrochemical","Boiler Assessment implementation project","SABIC","YANPET","Plant Services","Yanbu","The project involves fabrication and installation of Boiler for the Boiler Assessment implementation project","Normal","Completed","Jun-14","Dec-14","http://sendanit.com/sendan_web/wp-content/uploads/2020/04/288.jpg   "
"Petrochemical","Pr For Import Co2 Line From United","SABIC","AL-BAYRONI","Plant Services","Jubail","Project involves Engineering, Procurement & Installation of Piping, Equipments involves all disciplines like: Mechanical. Electrical, Civil & instrumentation.","Normal","Completed","May-14","Jan-15","http://sendanit.com/sendan_web/wp-content/uploads/2020/04/289.jpg   "
"Petrochemical","Construction project-5th effect evaporator overhead line and uograde metallurgy of line ","SABIC","UNITED","Plant Services","Jubail","LSTK EPC Project involves on all the disciplines like Mechanical, Electrical & Instrumentation, Civil along with detailed Engineering.","Normal","Completed","May-14","Jan-15","http://sendanit.com/sendan_web/wp-content/uploads/2020/04/290.jpg   "
"Petrochemical","3 "" Line for Vacuuming on Reactor","SABIC","SHARQ","Plant Services","Jubail","EPC Project on LSTK basis involves Mechanical, Fabrication & Construction activities, to remove all vacuum lines and install new permanent vacuum lines for all the reactors of Plant 1,2,3 & 4","Normal","Completed","Apr-14","Nov-14","http://sendanit.com/sendan_web/wp-content/uploads/2020/04/291.jpg   "
"Oil & Gas","Install Manual Block Valve at Ph-7 filter","SABIC","Gas Jubail","Plant Services","Jubail","Removal and Re-installation of manual block valve / isolation valve at Phase 7 Filter","Normal","Completed","Apr-14","May-14","http://sendanit.com/sendan_web/wp-content/uploads/2020/04/292.jpg   "
"Oil & Gas","Ph-8 GOX Pipeline Material Replacement","SABIC","Gas Jubail","Plant Services","Jubail","Replacement of existing CS pipe and 02 Nos. with elbows of Monel material during the Ph-8 GOX Pipeline Material Replacement Project ","Normal","Completed","Apr-14","May-14","http://sendanit.com/sendan_web/wp-content/uploads/2020/04/293.jpg   "
"Petrochemical","Site work installation of Air Comp Unit","SABIC","Ar-Razi","Plant Services","Jubail","EPC job involves Removal / Re-installation of Air Compressor & Auxillaries along with some fabrication & modification work.","Normal","Completed","Mar-14","Dec-14","http://sendanit.com/sendan_web/wp-content/uploads/2020/04/294.jpg   "
"Petrochemical","Installation of Toluene Drain Line from Vessel-3460 to Column-3610 ","SABIC","UNITED","Plant Services","Jubail","Mechanical work, Toluene drain line to be installed, EPC job for the Installation of Toluene Drain Line from Vessel-3460 to Column-3610 Project. ","Normal","Completed","Mar-14","Aug-14","http://sendanit.com/sendan_web/wp-content/uploads/2020/04/295.jpg   "
"Petrochemical","PR for LSTK Contract to Provide isolation valve on each exchanger E-2322A/B/C LSTK","SABIC","UNITED","Plant Services","Jubail","LSTK job involving detailed Engineering, Procurement of long lead items. Mechanical works Such as Valve, removal and Re-installation, commissioning, testing along with modification of associate piping.","Normal","Completed","Mar-14","Aug-14","http://sendanit.com/sendan_web/wp-content/uploads/2020/04/296.jpg   "
"Petrochemical","Install Life Line at PE Bulk Loading","Tasnee","Tasnee","Plant Services","Jubail","Mechanical work along with installation of structure as life line for working for the Install Life Line at PE Bulk Loading Project at Tasnee ","Normal","Completed","May-14","Jul-14","http://sendanit.com/sendan_web/wp-content/uploads/2020/04/297.jpg   "
"Petrochemical","Diversion of Cooling Water Outlets to the fire water Tank","Tasnee","Tasnee","Plant Services","Jubail","Supply, Fabrication and Erection of Piping Material and Steel Structure Supports Fabrication Works and Civil works.","Normal","Completed","Oct-14","Nov-14","http://sendanit.com/sendan_web/wp-content/uploads/2020/04/298.jpg   "
"Petrochemical","Replacement of Heat Exchangers 2E-1407 A/B & Associated Piping Works","SABIC","SHARQ","Plant Services","Jubail","The project includes Replacement of Heat Exchangers 2E-1407 A/B & Associated Piping Works during the TAM. ","Normal","Completed","Apr-14","Apr-14","http://sendanit.com/sendan_web/wp-content/uploads/2020/04/299.jpg   "
"Oil & Gas","Fire Water Supply Pipelines And Fire Protection System At Jubail Industrial Port (KFIP)","SATORP","SATORP","Plant Services","Jubail","EPC Project(LSTK), Scope of Work Involves  Engineering, Complete Procurment & Construction Works
Fire protection system at berth-54 & berth-62
Fire protection system Including supply and installation of foam skids (02 Nos.)
Fire water supply pipelines including fire hydrants along with the open sea tanker terminal (OSTT), interconnection causeway from current terminating point at berth-61 to berth-62.
Potable water supply line extended from berth-61 to berth-62 and terminated to the water utility system at berth-62.
Installation of a new multiplexer RTU at berth-62.
Also involves very Sophisticated Scaffoldding. ","Major","Completed","Mar-14","Oct-16","http://sendanit.com/sendan_web/wp-content/uploads/2020/04/300.jpg   "
"Metal","Replacement of middle burden feeder shaft.","SABIC","HADEED","Plant Services","Jubail","Mechanical Works, removal and re-installation of new Middle burden Shaft at Hadeed plant. ","Normal","Completed","Jan-14","Apr-14","http://sendanit.com/sendan_web/wp-content/uploads/2020/04/301.jpg   "
"Petrochemical","Upgrade Ejector & Silencer Project Unit 220","SABIC","IBN-ZAHR","Plant Services","Yanbu","LSTK job involving detailed Engineering, Procurement of long lead items, Civil Structure, Piping & instrumentation work such as, Piping Modifcations, replacement of MOVs, Painting & Sand Blasting, NDT, Removal 0f Existing Ejecter & Silincer then Installtion of New Ejecter & Silincer. Silincer Foundation,","Normal","Completed","Feb-14","Oct-14","http://sendanit.com/sendan_web/wp-content/uploads/2020/04/302.jpg   "
"Oil & Gas","LSTK services for 8"" GAN pipeline to ABS-PK","SABIC","Gas Jubail","Plant Services","Jubail","LSTK Job, Involves Engineering, Procuremnt & construction (Mechanical, Electrical, Civil & Intrumentational Works)","Normal","Completed","Feb-14","Aug-14","http://sendanit.com/sendan_web/wp-content/uploads/2020/04/303.jpg   "
"Oil & Gas","31-AG-2001 BUTTERFLY VALVE TO BE REPAIR","SABIC","Gas Jubail","Plant Services","Jubail","Installtion Of Betterfly valve & its associate piping","Normal","Completed","Feb-14","Apr-14","http://sendanit.com/sendan_web/wp-content/uploads/2020/04/304.jpg   "
"Metal","Civil Works for LQ53 ","JESCO","JESCO","Civil Construction","Jubail","Civil & Building Works Package at JESCO plant for unit LQ53. ","Major","Completed","Jul-13","Nov-13","http://sendanit.com/sendan_web/wp-content/uploads/2020/04/305.jpg   "
"Oil & Gas","Piping & Structure Job for ASU Gas Phase#8","SABIC / Gas Jubail","SAMSUNG","Plant Services","Jubail","Mechanical Structural, Piping, equipment. Installation and  Erection of Cold Box Erection","Normal","Completed","Jan-14","Jun-14","http://sendanit.com/sendan_web/wp-content/uploads/2020/04/306.jpg   "
"Petrochemical","PR for procurement & construction of Auto Dumpig Area","SABIC","IBN AL-BAYTAR","Plant Services","Jubail","Piping(Procurement & Installation) & Instrumentational Work for the construction of Auto Dumpig Area at IBB. ","Normal","Completed","Mar-14","Apr-14","http://sendanit.com/sendan_web/wp-content/uploads/2020/04/307.jpg   "
"Oil & Gas","Yanbu III Pump Removal & Re-Installation","LUBREF","LINDE","Plant Services","Yanbu","To remove the existing Sea Water Pumps & Install new Sea Water Pumps and their associate piping.","Normal","Completed","Jan-14","Jul-14","http://sendanit.com/sendan_web/wp-content/uploads/2020/04/308.jpg   "
"Petrochemical","Construction of 19 NOs, of TIE-IN for 4th Decanter for Reliability Project","TASNEE","TASNEE","Plant Services","Jubail","Piping Tie in at different points on different line sizes (16"", 14"", 8"", 4"", 2"") . (Mechanical Work), 
Procurement of all material & Mechenical Construction.","Normal","Completed","Dec-13","Apr-14","http://sendanit.com/sendan_web/wp-content/uploads/2020/04/309.jpg   "
"Metal","Cables & Chains Replacement - TSZP000718","SABIC","HADEED","Plant Services","Jubail","Cable laying & Lighting Fixtures Replacement (Electrical Work) at the hadeed plant","Normal","Completed","Jan-14","Feb-14","http://sendanit.com/sendan_web/wp-content/uploads/2020/04/310.jpg   "
"Petrochemical","Supply of piping and structural materials, installation, testing and commissioning of pressure control valve","SABIC","IBN AL-BAYTAR","Plant Services","Jubail","Resizing Of Pressure Control Valve, Involving Piping modification & Instrumaentation Works.","Normal","Completed","Dec-13","Mar-14","http://sendanit.com/sendan_web/wp-content/uploads/2020/04/311.jpg   "
"Petrochemical","Construction & Erection of pumps","SABIC","IBN AL-BAYTAR","Plant Services","Jubail","Involves Mechanical, Civil plus E&I 
Involves Procurement & Construction along with testing & commissioning
Includes Removal & Installation of existing pump. Pump associated pipping & fabrication work. Civil Work foundation.","Normal","Completed","Mar-14","Apr-14","http://sendanit.com/sendan_web/wp-content/uploads/2020/04/312.jpg   "
"Petrochemical","DMDS Platform installation","TASNEE","TASNEE","Plant Services","Jubail","Structure fabrication and erection for DMDS Platform installation Project ","Normal","Completed","Dec-13","Jan-14","http://sendanit.com/sendan_web/wp-content/uploads/2020/04/313.jpg   "
"Petrochemical","ARV Isolation Valve installation","TASNEE","TASNEE","Plant Services","Jubail","Piping modification for ARV Isolation Valve installation Project ","Normal","Completed","Nov-13","Dec-13","http://sendanit.com/sendan_web/wp-content/uploads/2020/04/314.jpg   "
"Petrochemical","Outstanding PSSR tank farm","TASNEE","TASNEE","Plant Services","Jubail","Mechanical, Pipipng, Equipment and Structural work for PSSR tank farm Project at Tasnee","Normal","Completed","Nov-13","Dec-13","http://sendanit.com/sendan_web/wp-content/uploads/2020/04/315.jpg   "
"Petrochemical","Site Constructionn Works For Four (4)  Project During IBB T/A","SABIC","IBN AL-BAYTAR","Plant Services","Jubail","Supply of Piping Material, Fabrication and installation activities during  Four (4)  Project During IBB T/A","Normal","Completed","Nov-13","Mar-14","http://sendanit.com/sendan_web/wp-content/uploads/2020/04/316.jpg   "
"Petrochemical","Individual Lube Oil Console for BFW pumps 1P-8004A/B/C/D)","SABIC","SHARQ","Plant Services","Jubail","LSTK, Design, Fabrication, Installation & commisioning. Involes all three Dicipline (Mechanical, Civil, E&I)","Normal","Completed","Nov-13","Mar-14","http://sendanit.com/sendan_web/wp-content/uploads/2020/04/317.jpg   "
"Petrochemical","Replacement of Glycol Pre-Heater 2E-1401 A/B) ","SABIC","SHARQ","Plant Services","Jubail","Removal & Reinstallation Of Pre-Heater during TAM for the Replacement of Glycol Pre-Heater 2E-1401 A/B) Project at SHARQ EG2","Normal","Completed","Nov-13","Apr-14","http://sendanit.com/sendan_web/wp-content/uploads/2020/04/318.jpg   "
"Petrochemical","Site Construction work","SABIC","YANPET","Plant Services","Yanbu","Construction, Fabirication, Installation involving Procurment activities for 06 different Projects ","Normal","Completed","Nov-13","Feb-15","http://sendanit.com/sendan_web/wp-content/uploads/2020/04/319.jpg   "
"Petrochemical","LSTK Contract For Recovered Water Line","SABIC","SADAF","Plant Services","Jubail","Lump Sum Turnkey project (Design, Supply & Construction for Pipe line of about 8Km in RC corridors.) 
• Detailed Design of the new location of pipeline in RC Corridor.
• Replace the recovery water line, 14 inch Dia
• Procured, prefabricated, supply and constructed at site.
• Cutting, dismantling and removal of the existing, 14 inch recovery water line
• Scaffolding Work
• Electrical and communication ","Major","Completed","Oct-13","Jul-14","http://sendanit.com/sendan_web/wp-content/uploads/2020/04/320.jpg   "
"Metal","Replacement of Gearbox with motor for weigh feeders in Module-C HADEED","SABIC / HADEED","TAHSEEB ENGINEERING ","Plant Services","Jubail","Dismentling / Re-Installing & Maintenance activities for Gear Box of Wieghing Feeder Motor. (Mechanical Work)","Normal","Completed","Oct-13","Jan-14","http://sendanit.com/sendan_web/wp-content/uploads/2020/04/321.jpg   "
"Petrochemical","Site Construction work AF-0513139","SABIC","YANPET","Plant Services","Yanbu","Construction, Fabirication, Installation involving Procurment activities for 15 different Projects ","Major","Completed","Oct-13","Feb-15","http://sendanit.com/sendan_web/wp-content/uploads/2020/04/322.jpg   "
"Petrochemical","Slop Drums Discharge Piping Eetension Project (B52)","SABIC","Sabtank Jubail","Plant Services","Jubail","Removal & Installation of Existing piping with new involes Mechanical Construction, Fabrication, Procurement & Scaffolding Activities ","Normal","Completed","Oct-13","Dec-13","http://sendanit.com/sendan_web/wp-content/uploads/2020/04/323.jpg   "
"Oil & Gas","Cutting & Welding Of  6"" & 3"" Potable Water Line","SABIC","Gas Jubail","Plant Services","Jubail","Removal, Installation & welding of 6"" & 3"" portable water lines","Normal","Completed","Oct-13","Oct-13","http://sendanit.com/sendan_web/wp-content/uploads/2020/04/324.jpg   "
"Oil & Gas","Removal/installation of Seawater pumps","SABIC / Gas Jubail","LINDE","Plant Services","Jubail","To remove the existing Sea Water Pumps & Install new Sea Water Pumps and their associate piping.","Normal","Completed","Sep-13","Feb-14","http://sendanit.com/sendan_web/wp-content/uploads/2020/04/325.jpg   "
"Petrochemical","Replacement of Glycol De-hydrator condenser 3E-1407A/B","SABIC","SHARQ","Plant Services","Jubail","Replacement of Glycol De-hydrator condenser 3E-1407A/B","Normal","Completed","Sep-13","Jan-14","http://sendanit.com/sendan_web/wp-content/uploads/2020/04/326.jpg   "
"Petrochemical","Installing additional valve in Ammonia start up line & Upgrading the existing valve with multi trim valve in IBB Urea Plant ","SABIC","IBN AL-BAYTAR","Plant Services","Jubail","Modification in the existing system along with the Installation of the Valve on Ammonia Start up Line.","Normal","Completed","Aug-13","Apr-14","http://sendanit.com/sendan_web/wp-content/uploads/2020/04/327.jpg   "
"Petrochemical","Supply, fabrication & delivery of Structural Steel (Circular Platforms)","SADARA","LINDE","Plant Services","Jubail","Procurement, Construction, Fabrication of Steel Structure Circular Plate forms  ","Normal","Completed","Aug-13","Nov-13","http://sendanit.com/sendan_web/wp-content/uploads/2020/04/328.jpg   "
"Petrochemical","Tie In Jobs","TASNEE","DAR","Plant Services","Jubail","Piping Tie in at different points on different line sizes. (Mechanical Work)","Normal","Completed","Jul-13","Jul-13","http://sendanit.com/sendan_web/wp-content/uploads/2020/04/329.jpg   "
"Oil & Gas","Luberef – Revamping Works for Heater B1001 (Erection)","LUBREF","KT ARABIA","Plant Services","Yanbu","Revamping work for Heater i.e Installation of pre-fabricated Steel Structure, Ducts, Installtion Of Pumps and associate Piping,  civil foundation works & Intrumentaion work.","Normal","Completed","Jun-13","Dec-13","http://sendanit.com/sendan_web/wp-content/uploads/2020/04/330.jpg   "
"Oil & Gas","Supply of Steel Structure and Fabrication","LUBREF","KT ARABIA","Plant Services","Yanbu","Procurement & Fabrication of Steel Structure, (Mechanical Works)","Normal","Completed","Jun-13","Dec-13","http://sendanit.com/sendan_web/wp-content/uploads/2020/04/331.jpg   "
"Oil & Gas","Pin hole in H/EXS need for welding","SABIC","Gas Jubail","Plant Services","Jubail","Repair of pin hole by welding.","Normal","Completed","Jun-13","Jul-13","http://sendanit.com/sendan_web/wp-content/uploads/2020/04/332.jpg   "
"Petrochemical","Fabrication & Installation of 2051-UF2 Alloy Tank","SABIC","AL-BAYRONI","Plant Services","Jubail","Procurement, Fabrication & Intallation (Mechanical work) for Alloy Tanks","Normal","Completed","Jun-13","Mar-14","http://sendanit.com/sendan_web/wp-content/uploads/2020/04/333.jpg   "
"Petrochemical","Cable Splicing - HDPE insedint-May 13.","SABIC","SAUDI KAYAN","Electrical & Instrumentation","Jubail","Cable splicing jobs","Normal","Completed","Oct-13","Oct-13","http://sendanit.com/sendan_web/wp-content/uploads/2020/04/334.jpg   "
"Oil & Gas","Replacement Of Piping & Supports (71-F-142-A/B/C)","SABIC","GAS JUBAIL","Plant Services","Jubail","Installation & Replacement Of Damage Lines","Normal","Completed","Jun-13","Jul-13","http://sendanit.com/sendan_web/wp-content/uploads/2020/04/335.jpg   "
"Oil & Gas","Replacement Of Valves (41-ST-1641C Valve Arm Broken)","SABIC","GAS JUBAIL","Plant Services","Jubail","Replacement of defective valves with new ones.","Normal","Completed","May-13","Oct-13","http://sendanit.com/sendan_web/wp-content/uploads/2020/04/336.jpg   "
"Petrochemical","AR-RAZI Replacement Of Piping During Shutdown","SABIC","Ar-Razi","Plant Services","Jubail","Mechanical Piping works","Normal","Completed","May-13","May-13","http://sendanit.com/sendan_web/wp-content/uploads/2020/04/337.jpg   "
"Metal","Removal & Re-Installation Of Control Valve during S/D 2016","SABIC / HADEED","SAUDI FAL","Plant Services","Jubail","Removal/Re-Installation of Contol Valves During S/D","Normal","Completed","May-13","Jun-13","http://sendanit.com/sendan_web/wp-content/uploads/2020/04/338.jpg   "
"Oil & Gas","Sea Water Filter Repair","SABIC","GAS YANBU","Plant Services","Yanbu","Mechanical Works","Normal","Completed","May-13","Jun-13","http://sendanit.com/sendan_web/wp-content/uploads/2020/04/339.jpg   "
"Petrochemical","Bottom Plate Repair & Replacement of 12 Tanks (EG-1 / 2 / 3)","SABIC","SHARQ","Plant Services","Jubail","Procurement, Fabrication & Replacement.(Mechanical Work)","Normal","Completed","May-13","Feb-14","http://sendanit.com/sendan_web/wp-content/uploads/2020/04/340.jpg   "
"Petrochemical","Replacement of 14 inch piping in RC Corridor","SABIC","SADAF","Plant Services","Jubail","Dismentalling & Re-Insatllation Of Piping along with NDT, Scaffolding & Coating Works","Normal","Completed","May-13","Jun-13","http://sendanit.com/sendan_web/wp-content/uploads/2020/04/341.jpg   "
"Petrochemical","Replacement Of Jacketed Vent Line During S/D","CHEMANOL","CHEMANOL","Plant Services","Jubail","Piping replacement and modification","Normal","Completed","Apr-13","Jun-13","http://sendanit.com/sendan_web/wp-content/uploads/2020/04/342.jpg   "
"Petrochemical","Modification Of Kayan Conveying system","SABIC / SAUDI KAYAN","COPERION","Plant Services","Jubail","Supply & Installation of Electrical /Intrumentation Equipments","Normal","Completed","Apr-13","Feb-14","http://sendanit.com/sendan_web/wp-content/uploads/2020/04/343.jpg   "
"Petrochemical","Piping Job At K.F Port for RTU flow meter ","SABIC / SABTANK","YOKOGAWA","Plant Services","Jubail","Piping replacement & modification","Normal","Completed","Apr-13","May-13","http://sendanit.com/sendan_web/wp-content/uploads/2020/04/344.jpg   "
"Petrochemical","Installation of Drain Line for LV-22201B (Piping Job)","TASNEE","TASNEE","Plant Services","Jubail","Fabrication & Installation (Mechanical Works) (Aliminium Job)","Normal","Completed","Apr-13","Jun-13","http://sendanit.com/sendan_web/wp-content/uploads/2020/04/345.jpg   "
"Petrochemical","Heat Exchanger Replacement Job During Shut Down (HP Cooler 6E-1501)","TASNEE","TASNEE","Plant Services","Jubail","Inspection & Repairing (Mechanical Works)","Normal","Completed","Apr-13","May-13","http://sendanit.com/sendan_web/wp-content/uploads/2020/04/346.jpg   "
"Petrochemical","Refurbishment Of Heater, Ducts & Stack","SABIC","IBN RUSHD","Plant Services","Yanbu","Revamping Of Heater, Re-Installation Of stack, removal & Re-Installation Of Heater Ducts & Re-tubing Of Heater
• Installation of new fabricated stack elevation up to 80 meters
• Dismantling of Heater A.
• Dismantle / Install radiant and convection tubes
• Dismantle / Repair / Install stack connecting ducts
• Removal of damaged stack portion at elevation 40 meters
• Repair outer heater shell
• Scaffolding erection for removal of damaged stack
• Installation of free issued expansion joints.
• All electrical and instrumentation removal and re-installation
• Rolling of free issued plates for heater casing.","Normal","Completed","Mar-13","Sep-13","http://sendanit.com/sendan_web/wp-content/uploads/2020/04/347.jpg   "
"Petrochemical","Replacement of PCW Heat Exchanger","TASNEE","TASNEE","Plant Services","Jubail","(Mechanicak Works) Installation Of Heat Exchanger","Normal","Completed","Jan-13","Jun-13","http://sendanit.com/sendan_web/wp-content/uploads/2020/04/348.jpg   "
"Petrochemical","Repair & Replacement Of Reactor Pipe Spool Of 24"", 30"" 42""(Repair for Hydro-Carbon Cactus Branch Flanges  Joint / Repair of Air Register / Repaire of MN 106) During S/D ","SABIC","IBN-SINA","Plant Services","Jubail","Inspection Of 24"" Line and Repair (Mechanical Works)","Normal","Completed","Mar-13","Apr-13","http://sendanit.com/sendan_web/wp-content/uploads/2020/04/349.jpg   "
"Petrochemical","Benzene Storage Enhancement","SABIC","SADAF","Plant Services","Jubail","Engineering, Procurement & Supply Of Material, Fabrication & Installation (EPC) Of Piping & Equipment.
• At two locations (SADAF & SABTANK) Replace the tank bottom in kind with a new one at 
• Install a leak detection system liner 
• Install new cathodic protection system.
• Contaminated sand beneath tank 
• Replace the contaminated oily sand by sweet sand
• Replace asbestos gaskets 
• Replace elastomeric seal materials
• Civil and E&I works","Normal","Completed","Mar-13","Dec-16","http://sendanit.com/sendan_web/wp-content/uploads/2020/04/350.jpg   "
"Petrochemical","Fabrication of 1 no new HC - inlet Spool During Shut Down.","SABIC","IBN-SINA","Plant Services","Jubail","Removal/Installation of Fabricated Spool & Valve Along With Repairing Of Old Spool,","Normal","Completed","Mar-13","May-13","http://sendanit.com/sendan_web/wp-content/uploads/2020/04/351.jpg   "
"Petrochemical","Strutural Support works - Weld repairs & Inspection","SABIC","IBN-SINA","Plant Services","Jubail","Structural modification, replacement and re-installation","Normal","Completed","Mar-13","Mar-13","http://sendanit.com/sendan_web/wp-content/uploads/2020/04/352.jpg   "
"Petrochemical","Fabrication of Spade Blind for TAM 2013","TASNEE","TASNEE","Plant Services","Jubail","Fabrication of spade blind for tAM 2013","Normal","Completed","Feb-13","Jun-13","http://sendanit.com/sendan_web/wp-content/uploads/2020/04/353.jpg   "
"Petrochemical","New Blind List for fabrication TAM2013","TASNEE","TASNEE","Plant Services","Jubail","Fabrication & Installation (Mechanical Works)","Normal","Completed","Feb-13","Apr-13","http://sendanit.com/sendan_web/wp-content/uploads/2020/04/354.jpg   "
"Transportation & Infrastructure","Supply of Manpower and Equipment","SAMSUNG","SAMSUNG","Plant Services","Jubail","Mechanical Works (Man power supply)","Normal","Completed","Jan-13","Mar-13","http://sendanit.com/sendan_web/wp-content/uploads/2020/04/355.jpg   "
"Petrochemical","PP-2 Auto Advancing System Project","SABIC","IBN-ZAHR","Plant Services","Jubail","The project scope includes Mechanical Works, ECI & Cilvil Works for the PP-2 Auto Advancing System Project. ","Normal","Completed","Dec-12","Mar-13","http://sendanit.com/sendan_web/wp-content/uploads/2020/04/356.jpg   "
"Petrochemical","LSTK Upgrade The Collection & Blow Off Header","SABIC","SADAF","Plant Services","Jubail","Procurement, Detailed Engineering, Construction & Commissioning Project","Normal","Completed","Oct-13","Oct-13","http://sendanit.com/sendan_web/wp-content/uploads/2020/04/357.jpg   "
"Petrochemical","Ar-Razi V, Parafin Plant Addition & WARB Replacement.","SABIC / Ar-Razi","MHI","Plant Services","Jubail","Mechanical, Heavy Lift, Civil, , Electrical & Instrumentation works for Ar-Razi V, Parafin Plant Addition & WARB Replacement.","Normal","Completed","Jan-13","Mar-14","http://sendanit.com/sendan_web/wp-content/uploads/2020/04/358.jpg   "
"Petrochemical","Removal and Installation of Various valves at Saudi Chevron During ShutDown.","SAUDI CHEVRON","SAUDI FAL","Plant Services","Jubail","Removal/Re-Installation, Calibrataion of Valves (Mechanical Works)","Normal","Completed","Dec-12","Mar-13","http://sendanit.com/sendan_web/wp-content/uploads/2020/04/359.jpg   "
"Petrochemical","Replacement Of Heat Exchangers & Piping Modification.","SABIC","SAFCO","Plant Services","Jubail","Heavy Lift, Replacement Of Heat Exchanger & Piping Modification at SF-3","Normal","Completed","Dec-12","Jan-13","http://sendanit.com/sendan_web/wp-content/uploads/2020/04/360.jpg   "
"Petrochemical","Supply of Manpower","TASNEE","TASNEE","Plant Services","Jubail","Supply of LCS safety officers during TAM 2013","Normal","Completed","Jun-13","Jul-13","http://sendanit.com/sendan_web/wp-content/uploads/2020/04/361.jpg   "
"Petrochemical","Desgin and Installation Of Steel Platform on Conveyor Belt Station","TASNEE","TASNEE","Plant Services","Jubail","Supply, Fabrication & Intallation, (Mechanical works)","Normal","Completed","Nov-12","Feb-13","http://sendanit.com/sendan_web/wp-content/uploads/2020/04/362.jpg   "
"Petrochemical","EPC Of Black Powder Filters Project","SABIC","SADAF","Plant Services","Jubail","Engineering, Procurement & Supply Of Material Equipment, 
Fabrication/Construction, Installation & Commisioning (EPC), Mech / Civil / E & I","Normal","Completed","Nov-12","Jul-13","http://sendanit.com/sendan_web/wp-content/uploads/2020/04/363.jpg   "
"Petrochemical","Fabrication & Installation of Flare KO Drum During ShutDown.","TASNEE","TASNEE","Plant Services","Jubail","Fabrication & Installation (Mechanical Works)","Normal","Completed","Nov-12","Jun-13","http://sendanit.com/sendan_web/wp-content/uploads/2020/04/364.jpg   "
"Petrochemical","Fabrication Services for Piping/Valve During ShutDown.","CHEMANOL","CHEMANOL","Plant Services","Jubail","Fabrication of Piping, Valve Repair & Replacement 
(Mechanical Works)","Normal","Completed","Jan-13","Aug-13","http://sendanit.com/sendan_web/wp-content/uploads/2020/04/365.jpg   "
"Petrochemical","Installation of Additional Decanter Unit Project","SABIC / SAUDI KAYAN","TECNIMONT","Electrical & Instrumentation","Jubail","Installation Of Decanter, Piping, Equipment Installation.
(Mechanical, Civil, E & I Works)","Normal","Completed","Oct-12","Sep-13","http://sendanit.com/sendan_web/wp-content/uploads/2020/04/366.jpg   "
"Petrochemical","MP Steam Line for RA Duct","TASNEE","TASNEE","Plant Services","Jubail","Mechanical Works (Man power supply)","Normal","Completed","Oct-12","Nov-12","http://sendanit.com/sendan_web/wp-content/uploads/2020/04/367.jpg   "
"Petrochemical","Design Fabrication & Installation of Ammonia Line between IBB & Al bayroni","SABIC","AL-BAYRONI","Plant Services","Jubail","Design, Supply, Fabrication, Construction along With Commisioning, (Mechanical, Civil, E & I Works)","Normal","Completed","Aug-12","Mar-13","http://sendanit.com/sendan_web/wp-content/uploads/2020/04/368.jpg   "
"Oil & Gas","Construction Of Amine Surge Tank & Replacement During S/D.","SAMREF ","SAMREF ","Plant Services","Yanbu","Design, Procurement,
Fabrication & Construction Works","Normal","Completed","Sep-12","Jul-13","http://sendanit.com/sendan_web/wp-content/uploads/2020/04/369.jpg   "
"Oil & Gas","Repair of Caustic Tank During ShutDown","SAMREF ","SAMREF ","Plant Services","Yanbu","Procurement,
Fabrication & Construction Works","Normal","Completed","Sep-12","Jul-13","http://sendanit.com/sendan_web/wp-content/uploads/2020/04/370.jpg   "
"Petrochemical","Engineering Fabrication and Installation of Handhole & N2 Purging Nozzles","TASNEE","TASNEE","Plant Services","Jubail","Engineering, Construction. (Mechanical Works)","Normal","Completed","Jul-13","Jul-13","http://sendanit.com/sendan_web/wp-content/uploads/2020/04/371.jpg   "
"Petrochemical","Installation of Fire Fighting System at Tasnee ","TASNEE","SAMSUNG","Plant Services","Jubail","Supply, Contruction work Like Piping/ Repair welding 7 Painting & NDT, (Mechanical Works)","Normal","Completed","Jul-12","Feb-13","http://sendanit.com/sendan_web/wp-content/uploads/2020/04/372.jpg   "
"Petrochemical","Ship Loading arm base plate modification and other misc. structure modification","TASNEE","SAMSUNG","Plant Services","Jubail","Modification Of Plateform At Berth, Base Plate Modification Of Loading Arm At Two Different Berths. (Mechanical Works)","Normal","Completed","Oct-12","Jul-13","http://sendanit.com/sendan_web/wp-content/uploads/2020/04/373.jpg   "
"Petrochemical","Emergency Shut Down/Spool Repair and other maintenance Work","SABIC","IBN-SINA","Plant Services","Jubail","Mechanical Works","Normal","Completed","May-12","Jun-12","http://sendanit.com/sendan_web/wp-content/uploads/2020/04/374.jpg   "
"Oil & Gas","Installation of Nitrogen Compressor","SABIC","Gas Jubail","Plant Services","Jubail","Mechanical, Civil, Electrical & Instrumentation Works","Normal","Completed","May-12","Nov-12","http://sendanit.com/sendan_web/wp-content/uploads/2020/04/375.jpg   "
"Petrochemical","Connecting the pump with pipe","TASNEE","TASNEE","Plant Services","Jubail","Mechanical work along with piping modification","Normal","Completed","May-12","Jun-12","http://sendanit.com/sendan_web/wp-content/uploads/2020/04/376.jpg   "
"Petrochemical","Removal & Installation of Temporary Spools","SABIC","PetroKemya","Plant Services","Jubail","Removal & Installation of temporary spools","Normal","Completed","Apr-12","May-12","http://sendanit.com/sendan_web/wp-content/uploads/2020/04/377.jpg   "
"Petrochemical","Distributor Pipe and Nozzle Fabrication & Repair","SABIC","SHARQ","Plant Services","Jubail","Mechanical Works","Normal","Completed","Apr-12","May-12","http://sendanit.com/sendan_web/wp-content/uploads/2020/04/378.jpg   "
"Petrochemical","Repair of Condensate Tank","CHEMANOL","CHEMANOL","Plant Services","Jubail","Mechanical Works","Normal","Completed","Feb-12","Feb-12","http://sendanit.com/sendan_web/wp-content/uploads/2020/04/379.jpg   "
"Petrochemical","Oil Dispensing Shelter","TASNEE","TASNEE","Plant Services","Jubail","Mechanical Works","Normal","Completed","Jan-12","Dec-12","http://sendanit.com/sendan_web/wp-content/uploads/2020/04/380.jpg   "
"Petrochemical","Repair of Heat Exchanger and Associated Piping Modification","CHEMANOL","CHEMANOL","Plant Services","Jubail","Mechanical Works","Normal","Completed","Jan-12","Dec-12","http://sendanit.com/sendan_web/wp-content/uploads/2020/04/381.jpg   "
"Petrochemical","TASNEE – Fencing of Scrap Yard","TASNEE","TASNEE","Plant Services","Jubail","Mechanical and Civil","Normal","Completed","Dec-11","Feb-12","http://sendanit.com/sendan_web/wp-content/uploads/2020/04/382.jpg   "
"Petrochemical","New NDB Feeders for Line 1 & 2
for PP – I Plant, Ibn Zahr Project","SABIC / IBN ZAHR","SCHENCK
PROCESS, Gbmh","Plant Services","Jubail","Piping, Equipment, (Mechanical, Civil,  Electrical & Inst.)","Normal","Completed","Jun-11","Aug-11","http://sendanit.com/sendan_web/wp-content/uploads/2020/04/383.jpg   "
"Petrochemical","TASNEE – Water Washing System Installation","TASNEE","TASNEE","Plant Services","Jubail","Mechanical Works","Normal","Completed","Dec-11","Mar-12","http://sendanit.com/sendan_web/wp-content/uploads/2020/04/384.jpg   "
"Petrochemical","AR-RAZI V DERRICK STRUCTURE MODIFICATION","SABIC / Ar-Razi","MHI","Plant Services","Jubail","Mechanical Works for AR-RAZI V DERRICK STRUCTURE MODIFICATION","Normal","Completed","Dec-11","Dec-11","http://sendanit.com/sendan_web/wp-content/uploads/2020/04/385.jpg   "
"Petrochemical","E & I Works for SADARA Propylene Oxide Project","SADARA","TEKFEN","Electrical & Instrumentation","Jubail","E & I Works, (Power system installation, Grounding & lightening works, Lighting fixture installation along with instrumentation works)","Major","Completed","Jan-14","Jun-15","http://sendanit.com/sendan_web/wp-content/uploads/2020/04/386.jpg   "
"Metal","REPAIR ARP CABLE TRAY - TSZP000715","SABIC","HADEED","Electrical & Instrumentation","Jubail","Supply & installation Of Cable Trays in the Acidic Envoirnment along with the cable Laying.","Normal","Completed","Jan-14","Jul-14","http://sendanit.com/sendan_web/wp-content/uploads/2020/04/387.jpg   "
"Metal","Cables & Chains Replacement - TSZP000718","SABIC","HADEED","Electrical & Instrumentation","Jubail","Cable laying & Lighting Fixtures Replacement (Electrical Work)","Normal","Completed","Jan-14","Feb-14","http://sendanit.com/sendan_web/wp-content/uploads/2020/04/388.jpg   "
"Petrochemical","SADARA Gas Supply Project.","SADARA","eTEC Arabia","Civil Construction","Jubail","Civil, Steel Structure, Building Works","Major","Completed","Dec-13","Aug-14","http://sendanit.com/sendan_web/wp-content/uploads/2020/04/389.jpg   "
"Oil & Gas","Repair of Crack","SABIC","Gas Jubail","Plant Services","Jubail","To provide welding services to fill up the cracks at Pressure Vessels.","Normal","Completed","Sep-13","Oct-13","http://sendanit.com/sendan_web/wp-content/uploads/2020/04/390.jpg   "
"Petrochemical","Heat Exchanger Replacement","TASNEE","TASNEE","Plant Services","Jubail","Inspection & Replacement old Heat Exchangers.","Normal","Completed","Apr-13","May-13","http://sendanit.com/sendan_web/wp-content/uploads/2020/04/391.jpg   "
"Petrochemical"," TGU Tie-In Work","SABIC","AL-BAYRONI","Plant Services","Jubail","Electrical / Instrumentation for Technical GradeUrea Project.","Normal","Completed","Mar-13","Apr-13","http://sendanit.com/sendan_web/wp-content/uploads/2020/04/392.jpg   "
"Petrochemical"," Sadara Aromatics Project","SADARA","JGC","Electrical & Instrumentation","Jubail","Construction of substations & Electrical & Instrumentation works","Major","Completed","Dec-12","Mar-14","http://sendanit.com/sendan_web/wp-content/uploads/2020/04/393.jpg   "
"Petrochemical","Construction of Water Treatment Facilities","Al-Khafji Joint Operations","JGC","Civil Construction","Khafji","Electrical & Instrumentation works for water treatment facility","Normal","Completed","Dec-12","Apr-13","http://sendanit.com/sendan_web/wp-content/uploads/2020/04/394.jpg   "
"Petrochemical","Warehouse Material Handling Service","SADARA","FLUOR","Site Projects","Jubail","Maintain and handle the Warehouse including preservation Materials in Lay Down Area","Major","Completed","Nov-12","Nov-15","http://sendanit.com/sendan_web/wp-content/uploads/2020/04/395.jpg   "
"Petrochemical","Upgrade of Laydown Area","SADARA","FLUOR","Construction Services","Jubail","Install Fence and expansion of Laydown Area","Normal","Completed","Mar-13","Apr-13","http://sendanit.com/sendan_web/wp-content/uploads/2020/04/396.jpg   "
"Petrochemical","Mixed Feed Cracker Project (MFC) ","SADARA","DAELIM","Electrical & Instrumentation","Jubail","Electrical Construction works for Mixed Feed Cracker","Major","Completed","Jun-12","Jun-14","http://sendanit.com/sendan_web/wp-content/uploads/2020/04/397.jpg   "
"Petrochemical","PMDI & TDI Project(SADARA Isocyanate Project)","SADARA","DAELIM","Electrical & Instrumentation","Jubail","Scope of Work Includes MCC & Switchgears installation. Low voltage transformers and Power distribution panels installation, Power transformers installation. Testing of switchgear, MCC, transformers including breakers, CT, PT bus bars & various relays.Installation of lighting fixtures. Installation of conduit, cable tray and cable pulling, Cable glanding, termination & testing. Grounding system installation. Heat tracing & cathodic protection system.Instrument calibration, Instrument JB installation. Instrument DCS & PLC, SCADA panels installation, Wiring, glanding & termination, Cable tray, conduit, duct bank installation. Loop check, Inst. Impulse tubing & Inst. Air line installation and leak test.","Normal","Completed","Jun-12","Sep-16","http://sendanit.com/sendan_web/wp-content/uploads/2020/04/398.jpg   "
"Petrochemical","Structure Modification","TASNEE","TASNEE","Plant Services","Jubail","Installation of Beams at HDPE plant during S/D","Normal","Completed","Jan-12","Jan-12","http://sendanit.com/sendan_web/wp-content/uploads/2020/04/399.jpg   "
"Petrochemical","Fabrication & Installation of various size pipes on existing plant","TASNEE","SAMSUNG","Plant Services","Jubail","Interconnection Piping in Existing Tasnee Plant / Additional GRP Piping scope for Tie-in and Sea Water piping at TASNEE Plant","Normal","Completed","Apr-12","Jun-13","http://sendanit.com/sendan_web/wp-content/uploads/2020/04/400.jpg   "
"Petrochemical","SADARA Tank Farm Project for ""site office for company and contractor"".","SADARA","DAEWOO ","Civil Construction","Jubail","The scope of work includes the construction of ""site office for company and contractor"".","Normal","Completed","Mar-12","Aug-12","http://sendanit.com/sendan_web/wp-content/uploads/2020/04/401.jpg   "
"Oil & Gas","KJO Transfer Function Project","Saudi Aramco","JGC","Civil Construction","Khafji","Project includes Construction, Civil, Mechanical & Electrical. Works for KJO Transfer Function Project","Major","Completed","Mar-12","Oct-12","http://sendanit.com/sendan_web/wp-content/uploads/2020/04/402.jpg   "
"Oil & Gas","Tank Farm E & I Works.","SATORP ","DPL","Electrical & Instrumentation","Jubail","Electrical & Instrumentation works for Tank Farm Area","Major","Completed","Dec-11","Nov-12","http://sendanit.com/sendan_web/wp-content/uploads/2020/04/403.jpg   "
"Oil & Gas","E & I works for Gasoline Package EPC-3 at Yanbu Aramco Sinopec Refining Project-YASREF","Saudi Aramco","DAELIM","Electrical & Instrumentation","Yanbu","E & I Construction works for Package 3 for E & I works for Gasoline Package EPC-3 at Yanbu Aramco Sinopec Refining Project-YASREF","Major","Completed","May-11","Jul-14","http://sendanit.com/sendan_web/wp-content/uploads/2020/04/404.jpg   "
"Oil & Gas","E & I works for Gasoline Package EPC-4 at Yanbu Aramco Sinopec Refining Project-YASREF","Saudi Aramco","DAELIM","Electrical & Instrumentation","Yanbu","E & I Construction works for Package 4 for E & I works for Gasoline Package EPC-4 at Yanbu Aramco Sinopec Refining Project-YASREF","Major","Completed","Aug-11","Jul-14","http://sendanit.com/sendan_web/wp-content/uploads/2020/04/405.jpg   "
"Oil & Gas","UAE, PV Project, Ruwais.","TAKREER/ADNOC","SHOWA SHELL
SEKIYU K. K.","Electrical & Instrumentation","UAE","Installation &
Commissioning of Photovoltaic System","Major","Completed","Feb-11","Dec-11","http://sendanit.com/sendan_web/wp-content/uploads/2020/04/406.jpg   "
"Oil & Gas","Wasit Gas Program Project","Saudi Aramco","SK E & C","Civil Construction","Wasit","Construction of Temporary site facilities for Wasit Gas Program Project","Major","Completed","May-11","May-12","http://sendanit.com/sendan_web/wp-content/uploads/2020/04/407.jpg   "
"Oil & Gas","Wasit Gas Program Project","Saudi Aramco","SAMSUNG","Civil Construction","Wasit","Construction of Temporary site facilities for Wasit Gas Program Project","Normal","Completed","Mar-11","Oct-11","http://sendanit.com/sendan_web/wp-content/uploads/2020/04/408.jpg   "
"Petrochemical","Arabian Chloro Vinyl Project - CA / EDC","SAHARA","DAELIM","Electrical & Instrumentation","Jubail","Electrical & Inst.
Works","Major","Completed","Dec-10","Jun-13","http://sendanit.com/sendan_web/wp-content/uploads/2020/04/409.jpg   "
"Power","Rabigh Power Plant-II Project","SEC","DOSSAN","Electrical & Instrumentation","Yanbu","Installation & Commissioning of Instrumentation & Control system.","Major","Completed","Aug-11","May-14","http://sendanit.com/sendan_web/wp-content/uploads/2020/04/410.jpg   "
"Transportation & Infrastructure","Dubai Metro Project, Phase-I ","RTA
(Govt. of DUBAI)","MHI","Electrical & Instrumentation","UAE","Complete Electrical works package for Red Line","Major","Completed","Jan-07","Mar-10","http://sendanit.com/sendan_web/wp-content/uploads/2020/04/411.jpg   "
"Transportation & Infrastructure","Dubai Metro Project, Phase-II","RTA
(Govt. of DUBAI)","MHI","Electrical & Instrumentation","UAE","Complete Electrical works package for Green Line","Major","Completed","Aug-08","October 2010","http://sendanit.com/sendan_web/wp-content/uploads/2020/04/412.jpg   "
"Petrochemical","New NDB Feeders for Line 3 & 4
for PP – II Plant","SABIC / IBN ZAHR","SCHENCK
PROCESS, Gbmh","Electrical & Instrumentation","Jubail","Installation of Equipment, Piping Modification Platform, Foundation work including Electrical & Instrumentation works.","Normal","Completed","Jan-11","Mar-11","http://sendanit.com/sendan_web/wp-content/uploads/2020/04/413.jpg   "
"Transportation & Infrastructure","DUBAI International Airport
Expansion – II","GOVT. OF DUBAI, DEPT. OF CIVIL AVIATION","MHI","Electrical & Instrumentation","UAE","Electrical works for automated people movers concourse 2 & 3","Major","Completed","Apr-09","Mar-10","http://sendanit.com/sendan_web/wp-content/uploads/2020/04/414.jpg   "
"Petrochemical","NCP Package B, E & I works","National Chevron Philips Polymer Ltd.","DAELIM","Electrical & Instrumentation","Jubail","Complete Electrical & Instrumentation work for package B","Major","Completed","Mar-08","Dec-10","http://sendanit.com/sendan_web/wp-content/uploads/2020/04/415.jpg   "
"Petrochemical","E & I, PHLMS ","SABIC / SAUDI KAYAN","SAMSUNG","Electrical & Instrumentation","Jubail","Electrical & Instrumentation Construction, Testing & Commissioning product handling Warehouse.","Major","Completed","Apr-08","Aug-09","http://sendanit.com/sendan_web/wp-content/uploads/2020/04/416.jpg   "
"Petrochemical","E & I Work at Al-Waha","AL-WAHA PDH PP PLANT","DAELIM","Electrical & Instrumentation","Jubail","Electrical & Instrumentation Construction at PDH / PP Plant","Major","Completed","Oct-07","Jan-09","http://sendanit.com/sendan_web/wp-content/uploads/2020/04/417.jpg   "
"Petrochemical","E & I constuction of Plant V","SABIC / Ar-Razi","MHI","Electrical & Instrumentation","Jubail","E & I Work for the construction of Plant V","Major","Completed","Nov-05","Sep-06","http://sendanit.com/sendan_web/wp-content/uploads/2020/04/418.jpg   "
"Metal","Electrical Construction for oxide conveyor","SABIC / HADEED","SAUDI VOEST - ALPINE","Electrical & Instrumentation","Jubail","Electrical Construction for oxide conveyor","Normal","Completed","Jan-01","May-01","http://sendanit.com/sendan_web/wp-content/uploads/2020/04/419.jpg   "
"Metal","Cold Galvanizing Plant Enhancement","SABIC / HADEED","SAUDI VOEST - ALPINE","Plant Services","Jubail","Electrical & Instrumentation  work for Cold Galvanizing plant.","Normal","Completed","Jan-01","May-01","http://sendanit.com/sendan_web/wp-content/uploads/2020/04/420.jpg   "
"Metal","E & I Work for Hot Strip Mill Enhancement","SABIC / HADEED","SAUDI VOEST - ALPINE","Electrical & Instrumentation","Jubail","Complete Eletcrical & Instrumentation for hot strip mill enhancement","Major","Completed","Jan-01","May-01","http://sendanit.com/sendan_web/wp-content/uploads/2020/04/421.jpg   "
"Oil & Gas","Instrumentation Work","Saudi Aramco","MASDAR","Electrical & Instrumentation","Jubail","Installation of Tank Radar Guage at pump station","Normal","Completed","Mar-98","Oct-98","http://sendanit.com/sendan_web/wp-content/uploads/2020/04/422.jpg   "
"Power","Electrical work","SEC","SEIMENS","Electrical & Instrumentation","Jubail","Installation of five 110kV substation","Normal","Completed","May-97","Jul-97","http://sendanit.com/sendan_web/wp-content/uploads/2020/04/423.jpg   "
"Oil & Gas","Instrumentation Installation & commissioning","SAMSUNG","Al-Suwaidi","Electrical & Instrumentation","Jubail","Complete Instrumentation & Commissioning of PDH & PP Plant","Major","Completed","Mar-96","Oct-96","http://sendanit.com/sendan_web/wp-content/uploads/2020/04/424.jpg   "
"Metal","Instrumentation work Utility
Centralization & Automation At
Hadeed-I","SABIC / HADEED","ABB ","Electrical & Instrumentation","Jubail","Centralization & Instrumentation work.","Normal","Completed","Aug-96","Feb-97","http://sendanit.com/sendan_web/wp-content/uploads/2020/04/425.jpg   "
"Oil & Gas","Electro-Mechanical Work Saudi
Aram co Riyadh Refinery.","Saudi Aramco","YUSUF BIN
KANOO","Plant Services","Riyadh","Mechanical & Electrical Construction.","Normal","Completed","Mar-96","Dec-97","http://sendanit.com/sendan_web/wp-content/uploads/2020/04/426.jpg   "
"Metal","Electrical & Instrumentation
Work for NAMA Epoxy Company","MITSUI ENG & SHIPBUILDING CO.","GAMA","Electrical & Instrumentation","Jubail","Installation & Commissioning of Electrical & Instrumentation","Normal","Completed","Mar-96","Nov-96","http://sendanit.com/sendan_web/wp-content/uploads/2020/04/427.jpg   "
"Oil & Gas","Electrical, Instrumentation & Piping Work for AHG Plant","ABDULLAH HASHIM GAS Co.","ABDULLAH HASHIM GAS Co.","Plant Services","Jubail","Electrical, Instrumentation & Piping Work for AHG Plant (Abdullah Hashim Industrial Gases and equipment Company Limited) ","Normal","Completed","Jan-95","Aug-95","http://sendanit.com/sendan_web/wp-content/uploads/2020/04/428.jpg   "
"Metal","Paging System for Saudi Iron & Steel Company.","SABIC","HADEED","Electrical & Instrumentation","Jubail","Installation & Commissioning of paging system for Steel Plant. ","Normal","Completed","Jan-95","Jul-95","http://sendanit.com/sendan_web/wp-content/uploads/2020/04/429.jpg   "
"Petrochemical","Electrical & Instrumentation
Work For LUBEREF II Plant","SAUDI SHINWA","CHIYODA
PETROSTAR Ltd.,","Electrical & Instrumentation","Yanbu","Electrical & Instrumentation","Normal","Completed","Dec-94","Mar-95","http://sendanit.com/sendan_web/wp-content/uploads/2020/04/430.jpg   "
"Petrochemical","Fire Protection & Heat Tracing Work","CHIYODA
PETROSTAR Ltd.,","CHIYODA
PETROSTAR Ltd.,","Electrical & Instrumentation","Jubail","Fire Protection & Heat Tracing for SABIC affiliate","Normal","Completed","Apr-94","Sep-94","http://sendanit.com/sendan_web/wp-content/uploads/2020/04/431.jpg   "
